{"ListenStart": 1660014251.5191748, "_timestamp": 1660014810, "_runtime": 592, "_step": 458, "Comm/send_delay_mqtt": 0.00012564659118652344, "MessageReceiveTime": 1660014810.7856867, "Comm/recieve_delay_s3": 3.883171319961548, "UnpickleTime": 0.0009298324584960938, "Train/Time": 0.011589765548706055, "round": 49, "PickleDumpsTime": 0.001016378402709961, "Comm/send_delay": 1.0501222610473633, "Communication/Send_Total": 1.0544710159301758, "BusyTime": 0.0010623931884765625, "TotalTime": 559.2679135799408, "_wandb": {"runtime": 592}}