{"ListenStart": 1660014198.8254113, "_timestamp": 1660014806, "_runtime": 642, "_step": 912, "Comm/send_delay_mqtt": 4.4345855712890625e-05, "MessageReceiveTime": 1660014798.2199948, "BusyTime": 8.49421215057373, "PickleDumpsTime": 0.0003192424774169922, "Comm/send_delay": 0.40766048431396484, "Communiaction/Send_Total": 0.40970635414123535, "Comm/recieve_delay_s3": 3.131477117538452, "UnpickleTime": 0.000873565673828125, "AggregationTime": 0.0010290145874023438, "round": 49, "Train/Acc": 0.796526336274001, "Train/Loss": 1.8660167295932306, "Test/Acc": 0.8005698005698005, "Test/Loss": 1.863521098540703, "BenchmarkStart": 1660014268.4939978, "TotalTime": 607.8940103054047, "_wandb": {"runtime": 640}}