{"ListenStart": 1660014230.7402086, "_timestamp": 1660014809, "_runtime": 615, "_step": 458, "Comm/send_delay_mqtt": 0.00012493133544921875, "MessageReceiveTime": 1660014809.1892126, "Comm/recieve_delay_s3": 2.273550510406494, "UnpickleTime": 0.0013356208801269531, "Train/Time": 0.043976545333862305, "round": 49, "PickleDumpsTime": 0.0009453296661376953, "Comm/send_delay": 0.6077010631561279, "Communication/Send_Total": 0.6119935512542725, "BusyTime": 0.0025093555450439453, "TotalTime": 578.4529955387115, "_wandb": {"runtime": 612}}